[{"model": "auth.permission", "pk": 1, "fields": {"name": "Can add log entry", "content_type": 1, "codename": "add_logentry"}}, {"model": "auth.permission", "pk": 2, "fields": {"name": "Can change log entry", "content_type": 1, "codename": "change_logentry"}}, {"model": "auth.permission", "pk": 3, "fields": {"name": "Can delete log entry", "content_type": 1, "codename": "delete_logentry"}}, {"model": "auth.permission", "pk": 4, "fields": {"name": "Can add group", "content_type": 2, "codename": "add_group"}}, {"model": "auth.permission", "pk": 5, "fields": {"name": "Can change group", "content_type": 2, "codename": "change_group"}}, {"model": "auth.permission", "pk": 6, "fields": {"name": "Can delete group", "content_type": 2, "codename": "delete_group"}}, {"model": "auth.permission", "pk": 7, "fields": {"name": "Can add permission", "content_type": 3, "codename": "add_permission"}}, {"model": "auth.permission", "pk": 8, "fields": {"name": "Can change permission", "content_type": 3, "codename": "change_permission"}}, {"model": "auth.permission", "pk": 9, "fields": {"name": "Can delete permission", "content_type": 3, "codename": "delete_permission"}}, {"model": "auth.permission", "pk": 10, "fields": {"name": "Can add content type", "content_type": 4, "codename": "add_contenttype"}}, {"model": "auth.permission", "pk": 11, "fields": {"name": "Can change content type", "content_type": 4, "codename": "change_contenttype"}}, {"model": "auth.permission", "pk": 12, "fields": {"name": "Can delete content type", "content_type": 4, "codename": "delete_contenttype"}}, {"model": "auth.permission", "pk": 13, "fields": {"name": "Can add session", "content_type": 5, "codename": "add_session"}}, {"model": "auth.permission", "pk": 14, "fields": {"name": "Can change session", "content_type": 5, "codename": "change_session"}}, {"model": "auth.permission", "pk": 15, "fields": {"name": "Can delete session", "content_type": 5, "codename": "delete_session"}}, {"model": "auth.permission", "pk": 16, "fields": {"name": "Can add product category", "content_type": 6, "codename": "add_productcategory"}}, {"model": "auth.permission", "pk": 17, "fields": {"name": "Can change product category", "content_type": 6, "codename": "change_productcategory"}}, {"model": "auth.permission", "pk": 18, "fields": {"name": "Can delete product category", "content_type": 6, "codename": "delete_productcategory"}}, {"model": "auth.permission", "pk": 19, "fields": {"name": "Can add product", "content_type": 7, "codename": "add_product"}}, {"model": "auth.permission", "pk": 20, "fields": {"name": "Can change product", "content_type": 7, "codename": "change_product"}}, {"model": "auth.permission", "pk": 21, "fields": {"name": "Can delete product", "content_type": 7, "codename": "delete_product"}}, {"model": "auth.permission", "pk": 22, "fields": {"name": "Can add user", "content_type": 8, "codename": "add_shopuser"}}, {"model": "auth.permission", "pk": 23, "fields": {"name": "Can change user", "content_type": 8, "codename": "change_shopuser"}}, {"model": "auth.permission", "pk": 24, "fields": {"name": "Can delete user", "content_type": 8, "codename": "delete_shopuser"}}, {"model": "auth.permission", "pk": 25, "fields": {"name": "Can add basket", "content_type": 9, "codename": "add_basket"}}, {"model": "auth.permission", "pk": 26, "fields": {"name": "Can change basket", "content_type": 9, "codename": "change_basket"}}, {"model": "auth.permission", "pk": 27, "fields": {"name": "Can delete basket", "content_type": 9, "codename": "delete_basket"}}, {"model": "auth.permission", "pk": 28, "fields": {"name": "Can view log entry", "content_type": 1, "codename": "view_logentry"}}, {"model": "auth.permission", "pk": 29, "fields": {"name": "Can view permission", "content_type": 3, "codename": "view_permission"}}, {"model": "auth.permission", "pk": 30, "fields": {"name": "Can view group", "content_type": 2, "codename": "view_group"}}, {"model": "auth.permission", "pk": 31, "fields": {"name": "Can view content type", "content_type": 4, "codename": "view_contenttype"}}, {"model": "auth.permission", "pk": 32, "fields": {"name": "Can view session", "content_type": 5, "codename": "view_session"}}, {"model": "auth.permission", "pk": 33, "fields": {"name": "Can view product", "content_type": 7, "codename": "view_product"}}, {"model": "auth.permission", "pk": 34, "fields": {"name": "Can view product category", "content_type": 6, "codename": "view_productcategory"}}, {"model": "auth.permission", "pk": 35, "fields": {"name": "Can view user", "content_type": 8, "codename": "view_shopuser"}}, {"model": "auth.permission", "pk": 36, "fields": {"name": "Can view basket", "content_type": 9, "codename": "view_basket"}}, {"model": "auth.permission", "pk": 37, "fields": {"name": "Can add association", "content_type": 10, "codename": "add_association"}}, {"model": "auth.permission", "pk": 38, "fields": {"name": "Can change association", "content_type": 10, "codename": "change_association"}}, {"model": "auth.permission", "pk": 39, "fields": {"name": "Can delete association", "content_type": 10, "codename": "delete_association"}}, {"model": "auth.permission", "pk": 40, "fields": {"name": "Can view association", "content_type": 10, "codename": "view_association"}}, {"model": "auth.permission", "pk": 41, "fields": {"name": "Can add code", "content_type": 11, "codename": "add_code"}}, {"model": "auth.permission", "pk": 42, "fields": {"name": "Can change code", "content_type": 11, "codename": "change_code"}}, {"model": "auth.permission", "pk": 43, "fields": {"name": "Can delete code", "content_type": 11, "codename": "delete_code"}}, {"model": "auth.permission", "pk": 44, "fields": {"name": "Can view code", "content_type": 11, "codename": "view_code"}}, {"model": "auth.permission", "pk": 45, "fields": {"name": "Can add nonce", "content_type": 12, "codename": "add_nonce"}}, {"model": "auth.permission", "pk": 46, "fields": {"name": "Can change nonce", "content_type": 12, "codename": "change_nonce"}}, {"model": "auth.permission", "pk": 47, "fields": {"name": "Can delete nonce", "content_type": 12, "codename": "delete_nonce"}}, {"model": "auth.permission", "pk": 48, "fields": {"name": "Can view nonce", "content_type": 12, "codename": "view_nonce"}}, {"model": "auth.permission", "pk": 49, "fields": {"name": "Can add user social auth", "content_type": 13, "codename": "add_usersocialauth"}}, {"model": "auth.permission", "pk": 50, "fields": {"name": "Can change user social auth", "content_type": 13, "codename": "change_usersocialauth"}}, {"model": "auth.permission", "pk": 51, "fields": {"name": "Can delete user social auth", "content_type": 13, "codename": "delete_usersocialauth"}}, {"model": "auth.permission", "pk": 52, "fields": {"name": "Can view user social auth", "content_type": 13, "codename": "view_usersocialauth"}}, {"model": "auth.permission", "pk": 53, "fields": {"name": "Can add partial", "content_type": 14, "codename": "add_partial"}}, {"model": "auth.permission", "pk": 54, "fields": {"name": "Can change partial", "content_type": 14, "codename": "change_partial"}}, {"model": "auth.permission", "pk": 55, "fields": {"name": "Can delete partial", "content_type": 14, "codename": "delete_partial"}}, {"model": "auth.permission", "pk": 56, "fields": {"name": "Can view partial", "content_type": 14, "codename": "view_partial"}}, {"model": "auth.permission", "pk": 57, "fields": {"name": "Can add user profile", "content_type": 15, "codename": "add_userprofile"}}, {"model": "auth.permission", "pk": 58, "fields": {"name": "Can change user profile", "content_type": 15, "codename": "change_userprofile"}}, {"model": "auth.permission", "pk": 59, "fields": {"name": "Can delete user profile", "content_type": 15, "codename": "delete_userprofile"}}, {"model": "auth.permission", "pk": 60, "fields": {"name": "Can view user profile", "content_type": 15, "codename": "view_userprofile"}}, {"model": "auth.permission", "pk": 61, "fields": {"name": "Can add заказ", "content_type": 16, "codename": "add_order"}}, {"model": "auth.permission", "pk": 62, "fields": {"name": "Can change заказ", "content_type": 16, "codename": "change_order"}}, {"model": "auth.permission", "pk": 63, "fields": {"name": "Can delete заказ", "content_type": 16, "codename": "delete_order"}}, {"model": "auth.permission", "pk": 64, "fields": {"name": "Can view заказ", "content_type": 16, "codename": "view_order"}}, {"model": "auth.permission", "pk": 65, "fields": {"name": "Can add order item", "content_type": 17, "codename": "add_orderitem"}}, {"model": "auth.permission", "pk": 66, "fields": {"name": "Can change order item", "content_type": 17, "codename": "change_orderitem"}}, {"model": "auth.permission", "pk": 67, "fields": {"name": "Can delete order item", "content_type": 17, "codename": "delete_orderitem"}}, {"model": "auth.permission", "pk": 68, "fields": {"name": "Can view order item", "content_type": 17, "codename": "view_orderitem"}}, {"model": "sessions.session", "pk": "8fcwp0kjt9nhjxbqwag9n25tfx7k61a7", "fields": {"session_data": "NWQzY2M2OWJjMGE3ZTM5ZWRiMDk1MmU5YmI3YzZhMTcxM2FkNDkzMDp7fQ==", "expire_date": "2022-04-06T08:27:24.461Z"}}, {"model": "sessions.session", "pk": "8fkr3jc1smd7rc42ymkdbh8api1n9r4w", "fields": {"session_data": "YTUxNDVhMjFmM2JkMGQ1NjMzOTZjMTQ5MTkzYWZmOTkxYzdhZmM3MDp7Il9hdXRoX3VzZXJfaWQiOiIxIiwiX2F1dGhfdXNlcl9oYXNoIjoiNzRhYzZmYmZmZTQ0MjI0MGZlMjQxOGRkMGM5YjdkY2Y3ODU5ODNiNiIsIl9hdXRoX3VzZXJfYmFja2VuZCI6ImRqYW5nby5jb250cmliLmF1dGguYmFja2VuZHMuTW9kZWxCYWNrZW5kIn0=", "expire_date": "2017-11-01T19:51:52.681Z"}}, {"model": "sessions.session", "pk": "8g5hioazhdlcrx2oljfrb0bz1reecor4", "fields": {"session_data": "YzYwZWQzYjI3YmY3MjJjNmFhYzQ5NmMwM2IyYzc5ZjlkMTUwZjkzOTp7Il9hdXRoX3VzZXJfaWQiOiIxNCIsIl9hdXRoX3VzZXJfYmFja2VuZCI6ImRqYW5nby5jb250cmliLmF1dGguYmFja2VuZHMuTW9kZWxCYWNrZW5kIiwiX2F1dGhfdXNlcl9oYXNoIjoiMzFhYTNlZjNiNGMzNzM4NWJlYjUwN2Q4YTQ3ZGY4ZmQ1YzQ5YjM1ZCJ9", "expire_date": "2022-04-02T10:18:29.840Z"}}, {"model": "sessions.session", "pk": "bsu9tu3h4q4lbgs7zruahqxrhhy4sd83", "fields": {"session_data": "OWU3NzBiZWZiYWNjYzBlZmQ0M2VkNjk4ZDk5ZWYyZGNjYjAwMGQ0Njp7Il9hdXRoX3VzZXJfYmFja2VuZCI6ImRqYW5nby5jb250cmliLmF1dGguYmFja2VuZHMuTW9kZWxCYWNrZW5kIiwiX2F1dGhfdXNlcl9pZCI6IjEiLCJfYXV0aF91c2VyX2hhc2giOiI3NGFjNmZiZmZlNDQyMjQwZmUyNDE4ZGQwYzliN2RjZjc4NTk4M2I2In0=", "expire_date": "2017-11-04T09:38:15.540Z"}}, {"model": "sessions.session", "pk": "diy0k2q24guwh6uz6zgrxvrbevdlgda8", "fields": {"session_data": "YTc3N2VlZTA3NzQ0M2QxM2U3MmUwMmE5ZThhOTkxNjg0MjY5YTcyYTp7Im5leHQiOiInLyciLCJ2ay1vYXV0aDJfc3RhdGUiOiJMa2dkaGlVeVNwTXllcUppM2Y3SDhzQnhmcE1hb0NZaCIsIl9hdXRoX3VzZXJfaWQiOiIxNSIsIl9hdXRoX3VzZXJfYmFja2VuZCI6InNvY2lhbF9jb3JlLmJhY2tlbmRzLnZrLlZLT0F1dGgyIiwiX2F1dGhfdXNlcl9oYXNoIjoiNmUwMmQwZmNmNDllNTRmMzk4MTg4ZDI3M2ZkNjgyMzg3MTUzZjAzMCIsInNvY2lhbF9hdXRoX2xhc3RfbG9naW5fYmFja2VuZCI6InZrLW9hdXRoMiJ9", "expire_date": "2022-04-06T19:13:22.272Z"}}, {"model": "sessions.session", "pk": "e3eifwswl0riffv28uww28sm1qe7r48n", "fields": {"session_data": "NWQzY2M2OWJjMGE3ZTM5ZWRiMDk1MmU5YmI3YzZhMTcxM2FkNDkzMDp7fQ==", "expire_date": "2022-04-06T08:30:10.792Z"}}, {"model": "sessions.session", "pk": "l239f4qv2hzs6wuk170gwh9ydscpl0bx", "fields": {"session_data": "OTgxZTgzZWE0NTFmY2JmNWE0Y2I1NDA5YmUxYmYxZWM5M2ViMTNjMDp7Il9hdXRoX3VzZXJfaWQiOiIxMiIsIl9hdXRoX3VzZXJfYmFja2VuZCI6ImRqYW5nby5jb250cmliLmF1dGguYmFja2VuZHMuTW9kZWxCYWNrZW5kIiwiX2F1dGhfdXNlcl9oYXNoIjoiMTNjOTA0ZjNlMTliMGRmMzg1MDVhZmYzYzY4ZDhiZDAwZWQ2YzNhYiJ9", "expire_date": "2022-04-06T08:50:22.988Z"}}, {"model": "sessions.session", "pk": "mt6fdixhleoj4ordbbm8ntkhq4ezlelr", "fields": {"session_data": "NWQzY2M2OWJjMGE3ZTM5ZWRiMDk1MmU5YmI3YzZhMTcxM2FkNDkzMDp7fQ==", "expire_date": "2022-04-06T08:39:27.398Z"}}, {"model": "sessions.session", "pk": "nukics3087n3shlcrslnf9xdjymsgh1m", "fields": {"session_data": "NWQzY2M2OWJjMGE3ZTM5ZWRiMDk1MmU5YmI3YzZhMTcxM2FkNDkzMDp7fQ==", "expire_date": "2022-04-06T08:38:42.177Z"}}, {"model": "sessions.session", "pk": "s6g6wagqy1tdi123o79s1eaobzoj4b5s", "fields": {"session_data": "OTdjZGQyYjY4NDUxZGZkYzNiNGFhYWVhY2U4OTY4NzE2NGU2ZDQwNjp7Im5leHQiOiInLyciLCJ2ay1vYXV0aDJfc3RhdGUiOiJsUVJyN0lhRm5HOGVWNWVvcTNCemRmWVNnOHJxeG5oeiJ9", "expire_date": "2022-04-06T08:26:59.578Z"}}, {"model": "sessions.session", "pk": "sbwcuz753kzmc4lnzt8m26h3rjip8p6i", "fields": {"session_data": "NWQzY2M2OWJjMGE3ZTM5ZWRiMDk1MmU5YmI3YzZhMTcxM2FkNDkzMDp7fQ==", "expire_date": "2022-04-06T08:42:45.981Z"}}, {"model": "sessions.session", "pk": "sw5uu9a8u5mphxctzeylxi5ubn15vtt0", "fields": {"session_data": "NWQzY2M2OWJjMGE3ZTM5ZWRiMDk1MmU5YmI3YzZhMTcxM2FkNDkzMDp7fQ==", "expire_date": "2022-04-06T08:41:44.238Z"}}, {"model": "sessions.session", "pk": "tmesctfrv806fpc8bfecfogrql2u5e5h", "fields": {"session_data": "ZmE4OThlZDdlYzU1M2MxNzI1Yzg4M2FkOGNkM2ZlOTBjMDM4ZjIyNDp7Il9hdXRoX3VzZXJfaWQiOiIxIiwiX2F1dGhfdXNlcl9iYWNrZW5kIjoiZGphbmdvLmNvbnRyaWIuYXV0aC5iYWNrZW5kcy5Nb2RlbEJhY2tlbmQiLCJfYXV0aF91c2VyX2hhc2giOiI3NGFjNmZiZmZlNDQyMjQwZmUyNDE4ZGQwYzliN2RjZjc4NTk4M2I2In0=", "expire_date": "2017-11-01T12:54:45.937Z"}}, {"model": "social_django.usersocialauth", "pk": 1, "fields": {"user": 15, "provider": "vk-oauth2", "uid": "38393977", "extra_data": "{\"auth_time\": 1648062802, \"id\": 38393977, \"expires\": 86400, \"access_token\": \"34b5d3ad2437266863db2d255bbd39ea6f11b2419a849bbf5735a285c9d08ad32849c4b5c00ab17e64d48\", \"token_type\": null}", "created": "2022-03-23T07:01:03.154Z", "modified": "2022-03-23T19:13:22.211Z"}}, {"model": "mainapp.productcategory", "pk": 1, "fields": {"name": "дом", "description": "отличная мебель для домашнего интерьера.", "is_active": true}}, {"model": "mainapp.productcategory", "pk": 2, "fields": {"name": "офис", "description": "стильная и надежная офисная мебель нового поколения. 2017 модельный год", "is_active": true}}, {"model": "mainapp.productcategory", "pk": 3, "fields": {"name": "модерн", "description": "мебель в стиле МОДЕРН подойдет для любого интерьера. И для вашего", "is_active": true}}, {"model": "mainapp.productcategory", "pk": 4, "fields": {"name": "классика", "description": "классический стиль актуален в любые времена.", "is_active": true}}, {"model": "mainapp.productcategory", "pk": 5, "fields": {"name": "товары для кухни", "description": "полезное для кухни 2017", "is_active": false}}, {"model": "mainapp.product", "pk": 1, "fields": {"category": 1, "name": "комфорт 1", "image": "products_images/product-1.jpg", "short_desc": "комфортный стул", "description": "подойдет для просмотра фильмов", "price": "2989.50", "quantity": 17, "is_active": true}}, {"model": "mainapp.product", "pk": 2, "fields": {"category": 1, "name": "комфорт 2", "image": "products_images/product-2.jpg", "short_desc": "очень комфортный стул", "description": "подойдет для общения с друзьями", "price": "3687.20", "quantity": 21, "is_active": true}}, {"model": "mainapp.product", "pk": 3, "fields": {"category": 1, "name": "люкс", "image": "products_images/product-3.jpg", "short_desc": "использованы премиальные материалы", "description": "для тех, кто стремится к лучшему", "price": "8157.99", "quantity": 7, "is_active": true}}, {"model": "mainapp.product", "pk": 4, "fields": {"category": 1, "name": "люкс 2", "image": "products_images/product-4.jpg", "short_desc": "использованы премиальные материалы", "description": "для тех, кто стремится к лучшему", "price": "9157.99", "quantity": 5, "is_active": true}}, {"model": "mainapp.product", "pk": 5, "fields": {"category": 1, "name": "люкс 3", "image": "products_images/product-5.jpg", "short_desc": "использованы премиальные материалы", "description": "для тех, кто стремится к лучшему", "price": "10157.99", "quantity": 3, "is_active": true}}, {"model": "mainapp.product", "pk": 6, "fields": {"category": 2, "name": "стандарт", "image": "products_images/product-6.jpg", "short_desc": "универсальное решение 2017 года", "description": "подойдет для любого офиса. отличные характеристики", "price": "1895.25", "quantity": 27, "is_active": true}}, {"model": "mainapp.product", "pk": 7, "fields": {"category": 2, "name": "премиум", "image": "products_images/product-7.jpg", "short_desc": "улучшенный дизайн", "description": "идеально впишется в строгий интерьер офиса", "price": "3587.41", "quantity": 9, "is_active": true}}, {"model": "mainapp.product", "pk": 8, "fields": {"category": 2, "name": "премиум 2", "image": "products_images/product-8.jpg", "short_desc": "улучшенный дизайн", "description": "идеально впишется в строгий интерьер офиса", "price": "4587.41", "quantity": 8, "is_active": true}}, {"model": "mainapp.product", "pk": 9, "fields": {"category": 3, "name": "новинка", "image": "products_images/product-9.jpg", "short_desc": "инновационный дизайн", "description": "нестандартное решение для современного интерьера", "price": "5361.47", "quantity": 18, "is_active": true}}, {"model": "mainapp.product", "pk": 10, "fields": {"category": 3, "name": "прогресс", "image": "products_images/product-10.jpg", "short_desc": "прогрессивный дизайн", "description": "функциональное и комфортное решение", "price": "6789.33", "quantity": 12, "is_active": true}}, {"model": "mainapp.product", "pk": 11, "fields": {"category": 3, "name": "прогресс 2", "image": "products_images/product-11.jpg", "short_desc": "прогрессивный дизайн", "description": "функциональное и комфортное решение", "price": "7789.33", "quantity": 11, "is_active": true}}, {"model": "mainapp.product", "pk": 12, "fields": {"category": 3, "name": "прогресс 3", "image": "products_images/product-12.jpg", "short_desc": "прогрессивный дизайн", "description": "функциональное и комфортное решение", "price": "9789.33", "quantity": 7, "is_active": true}}, {"model": "mainapp.product", "pk": 13, "fields": {"category": 4, "name": "венеция", "image": "products_images/product-13.jpg", "short_desc": "классические формы", "description": "окунитесь в европейский комфорт", "price": "4147.51", "quantity": 25, "is_active": true}}, {"model": "mainapp.product", "pk": 14, "fields": {"category": 4, "name": "тоскана", "image": "products_images/product-14.jpg", "short_desc": "эргономичная спинка", "description": "почувствуйте комфорт и насладитесь цветовой гаммой", "price": "7147.35", "quantity": 18, "is_active": true}}, {"model": "mainapp.product", "pk": 15, "fields": {"category": 4, "name": "рим", "image": "products_images/product-15.jpg", "short_desc": "удачные пропорции", "description": "компактность и функциональность", "price": "8357.77", "quantity": 8, "is_active": true}}, {"model": "mainapp.product", "pk": 16, "fields": {"category": 4, "name": "рим 2", "image": "products_images/product-16.jpg", "short_desc": "удачные пропорции", "description": "компактность и функциональность", "price": "9357.77", "quantity": 7, "is_active": true}}, {"model": "mainapp.product", "pk": 17, "fields": {"category": 4, "name": "рим 3", "image": "products_images/product-17.jpg", "short_desc": "удачные пропорции", "description": "компактность и функциональность", "price": "10357.77", "quantity": 6, "is_active": true}}, {"model": "mainapp.product", "pk": 18, "fields": {"category": 2, "name": "офисный стул 4", "image": "", "short_desc": "удлиненная спинка", "description": "для людей высокого роста", "price": "1897.44", "quantity": 18, "is_active": false}}, {"model": "authapp.shopuser", "pk": 1, "fields": {"password": "pbkdf2_sha256$100000$46PJSIIZx2T1$jucPYaueBcsb3H25eaac9YyNKPRhQJhpNs8HLWfbqQ4=", "last_login": "2017-12-25T17:07:56.303Z", "is_superuser": true, "username": "django", "first_name": "", "last_name": "", "email": "django@geekshop.local", "is_staff": true, "is_active": true, "date_joined": "2017-10-18T12:46:45.112Z", "avatar": "", "age": 33, "activation_key": "", "activation_key_expires": "2022-03-21T06:12:32.505Z", "groups": [], "user_permissions": []}}, {"model": "authapp.shopuser", "pk": 2, "fields": {"password": "pbkdf2_sha256$30000$TibmK0AuZEVN$KOczqCTahCoBw7f6JgV5cDMaytWm7qHpqiNRCcL7vnw=", "last_login": "2017-10-21T09:38:08.255Z", "is_superuser": false, "username": "user1", "first_name": "Пользователь 1", "last_name": "", "email": "user1@geekshop.ru", "is_staff": false, "is_active": true, "date_joined": "2017-10-21T09:35:58.357Z", "avatar": "users_avatars/Jellyfish.jpg", "age": 28, "activation_key": "", "activation_key_expires": "2022-03-21T06:12:32.505Z", "groups": [], "user_permissions": []}}, {"model": "authapp.shopuser", "pk": 3, "fields": {"password": "pbkdf2_sha256$30000$yo2DzfanHzWV$ZiZ5mJrH7O7nlWXGRNr9E/H8OATrs+sDcdsu/qX0Tiw=", "last_login": null, "is_superuser": false, "username": "user2", "first_name": "", "last_name": "", "email": "user2@geekshop.ru", "is_staff": false, "is_active": true, "date_joined": "2017-10-21T10:27:36Z", "avatar": "users_avatars/Tulips.jpg", "age": 39, "activation_key": "", "activation_key_expires": "2022-03-21T06:12:32.505Z", "groups": [], "user_permissions": []}}, {"model": "authapp.shopuser", "pk": 4, "fields": {"password": "pbkdf2_sha256$30000$J5VHESGhsJQ2$GKCnuIhscf6HLBlxrzwpXtV/o5BbhzBbImsOCXV7Eho=", "last_login": null, "is_superuser": false, "username": "user3", "first_name": "", "last_name": "", "email": "1@1.ru", "is_staff": false, "is_active": false, "date_joined": "2017-10-21T10:29:06.713Z", "avatar": "", "age": 19, "activation_key": "", "activation_key_expires": "2022-03-21T06:12:32.505Z", "groups": [], "user_permissions": []}}, {"model": "authapp.shopuser", "pk": 5, "fields": {"password": "pbkdf2_sha256$30000$MtGCYwfLYlHX$m1E3qaaz5vb6azqPE5zI8hlBJOHl7vuecebnMLDO6SI=", "last_login": null, "is_superuser": false, "username": "user4", "first_name": "", "last_name": "", "email": "1@1.ru", "is_staff": false, "is_active": true, "date_joined": "2017-10-21T10:29:42.107Z", "avatar": "", "age": 19, "activation_key": "", "activation_key_expires": "2022-03-21T06:12:32.505Z", "groups": [], "user_permissions": []}}, {"model": "authapp.shopuser", "pk": 6, "fields": {"password": "pbkdf2_sha256$30000$iULsZkzlNJlW$kKb/918Jw3Ba41OTfkOe5KyHogjeXhOAsgIt04ZHoAE=", "last_login": null, "is_superuser": false, "username": "user7", "first_name": "Пользователь 7", "last_name": "", "email": "7@geekshop.ru", "is_staff": false, "is_active": false, "date_joined": "2017-10-21T10:54:15.921Z", "avatar": "users_avatars/Hydrangeas.jpg", "age": 56, "activation_key": "", "activation_key_expires": "2022-03-21T06:12:32.505Z", "groups": [], "user_permissions": []}}, {"model": "authapp.shopuser", "pk": 7, "fields": {"password": "pbkdf2_sha256$30000$WvXgdyZ5PfKG$8pT4FzHLw5uT+NOYLgaTkmhHXQdpW0pk6VIDhndReTk=", "last_login": null, "is_superuser": false, "username": "user9", "first_name": "Пользователь 9", "last_name": "", "email": "user9@geekshop.ru", "is_staff": false, "is_active": false, "date_joined": "2017-10-21T11:02:33Z", "avatar": "users_avatars/Chrysanthemum.jpg", "age": 19, "activation_key": "", "activation_key_expires": "2022-03-21T06:12:32.505Z", "groups": [], "user_permissions": []}}, {"model": "authapp.shopuser", "pk": 8, "fields": {"password": "pbkdf2_sha256$150000$sH052X5BWukM$pP77H/qddYiu57sX97CFzjPap+Mtl4LRK/pJDVKkcDo=", "last_login": null, "is_superuser": false, "username": "admin", "first_name": "Фёдор", "last_name": "", "email": "fedor@mail.ru", "is_staff": false, "is_active": false, "date_joined": "2022-03-19T06:52:21.628Z", "avatar": "users_avatars/_thumb_31389.png", "age": 20, "activation_key": "551af5ddc484de7dadee426e3b7282f7c6cef513", "activation_key_expires": "2022-03-21T06:51:46.695Z", "groups": [], "user_permissions": []}}, {"model": "authapp.shopuser", "pk": 9, "fields": {"password": "pbkdf2_sha256$150000$3cEQLUxDm1A8$6aPV1BG7UAiuwXzpISsSU4clhK2G3+S6RKjoYL+DGxA=", "last_login": null, "is_superuser": false, "username": "admin2", "first_name": "Фёдор", "last_name": "", "email": "fedo2r@mail.ru", "is_staff": false, "is_active": false, "date_joined": "2022-03-19T06:54:28.299Z", "avatar": "", "age": 20, "activation_key": "3b9bc06be4edddcfa4355fd13f305154c10b11a0", "activation_key_expires": "2022-03-21T06:51:46.695Z", "groups": [], "user_permissions": []}}, {"model": "authapp.shopuser", "pk": 10, "fields": {"password": "pbkdf2_sha256$150000$pwxj9zq6hstC$JYcbNeriZWuwcxb5H9fo1IlRj8zSL6jDbG3/1O1qfjU=", "last_login": null, "is_superuser": false, "username": "admin3", "first_name": "Фёдор", "last_name": "", "email": "fedo3r@mail.ru", "is_staff": false, "is_active": false, "date_joined": "2022-03-19T06:56:16.333Z", "avatar": "", "age": 20, "activation_key": "5e0da0addd9ec65f0d0be911cc84ea5fecad387e", "activation_key_expires": "2022-03-21T06:55:58.031Z", "groups": [], "user_permissions": []}}, {"model": "authapp.shopuser", "pk": 11, "fields": {"password": "pbkdf2_sha256$150000$Idd41Q8YGdLe$vg7P1NkZ5mj2T6rBH6SHPusz2inwtZq0SOvshAOsmbg=", "last_login": "2022-03-19T07:06:56.179Z", "is_superuser": false, "username": "admin4", "first_name": "Фёдор", "last_name": "", "email": "fedo4r@mail.ru", "is_staff": false, "is_active": true, "date_joined": "2022-03-19T06:57:17.651Z", "avatar": "", "age": 20, "activation_key": "", "activation_key_expires": null, "groups": [], "user_permissions": []}}, {"model": "authapp.shopuser", "pk": 12, "fields": {"password": "pbkdf2_sha256$150000$pzYktm1JZUpu$/MnW71SiWrm+3Dp18oDsKL3nEGq7Qp7JzIigN704HrM=", "last_login": "2022-03-23T08:50:22.962Z", "is_superuser": false, "username": "fedor", "first_name": "Fedor", "last_name": "", "email": "fedfgfgfgr@mail.ru", "is_staff": false, "is_active": true, "date_joined": "2022-03-19T07:18:38.300Z", "avatar": "", "age": 30, "activation_key": "", "activation_key_expires": null, "groups": [], "user_permissions": []}}, {"model": "authapp.shopuser", "pk": 13, "fields": {"password": "pbkdf2_sha256$150000$cVvEaeAenMx7$TO9K/EJPDiQR/uwnvRk6bKHSudFBF+tVUYGGsiMO4yo=", "last_login": "2022-03-19T10:04:47.978Z", "is_superuser": false, "username": "fshatruk", "first_name": "Фёдор", "last_name": "", "email": "spirtvnovgorode@gmail.com", "is_staff": false, "is_active": true, "date_joined": "2022-03-19T10:03:27.472Z", "avatar": "", "age": 30, "activation_key": "", "activation_key_expires": null, "groups": [], "user_permissions": []}}, {"model": "authapp.shopuser", "pk": 14, "fields": {"password": "pbkdf2_sha256$150000$yGytianehU3v$d84EQnSPB2HPeGl+6b9QSTrScgD52CY35aWc5HpUKd4=", "last_login": "2022-03-19T10:18:29.819Z", "is_superuser": false, "username": "root", "first_name": "Ivan", "last_name": "", "email": "root@example.com", "is_staff": false, "is_active": true, "date_joined": "2022-03-19T10:18:14.695Z", "avatar": "", "age": 30, "activation_key": "", "activation_key_expires": null, "groups": [], "user_permissions": []}}, {"model": "authapp.shopuser", "pk": 15, "fields": {"password": "!gCb892TKkCR9Hd9wzsJNjBeOHVUJzS0dMBNiDssP", "last_login": "2022-03-23T19:13:22.248Z", "is_superuser": false, "username": "fedorshatruk", "first_name": "Фёдор", "last_name": "Шатрук", "email": "fedorshatruk@hotmail.com", "is_staff": false, "is_active": true, "date_joined": "2022-03-23T07:01:03.142Z", "avatar": "", "age": 33, "activation_key": "", "activation_key_expires": "2022-03-25T07:00:57.940Z", "groups": [], "user_permissions": []}}, {"model": "authapp.shopuser", "pk": 16, "fields": {"password": "pbkdf2_sha256$150000$9EnjWWrSdfNJ$LrEi5suNa4pKW1qSzL+AyaAeicHyL4ED8uA09G3tneI=", "last_login": null, "is_superuser": false, "username": "root@example.com", "first_name": "Ivan", "last_name": "", "email": "root2@example.com", "is_staff": false, "is_active": true, "date_joined": "2022-03-23T08:29:07.430Z", "avatar": "", "age": 30, "activation_key": "", "activation_key_expires": null, "groups": [], "user_permissions": []}}, {"model": "authapp.shopuser", "pk": 17, "fields": {"password": "pbkdf2_sha256$180000$ahKIEaXN46rX$f6wUUVvcXOwJeUpNO93GIsK5QNKt6yO1E3aJkfgQ/M4=", "last_login": null, "is_superuser": false, "username": "fshatruk@usetech.ru", "first_name": "Fedor", "last_name": "", "email": "fshatruk@usetech.ru", "is_staff": false, "is_active": false, "date_joined": "2022-03-23T17:23:25.471Z", "avatar": "", "age": 30, "activation_key": "9f975ef7ca815a709768bf51cce8ca1386712d91", "activation_key_expires": "2022-03-25T17:23:20.877Z", "groups": [], "user_permissions": []}}, {"model": "authapp.userprofile", "pk": 1, "fields": {"user": 1, "about": null, "gender": ""}}, {"model": "authapp.userprofile", "pk": 2, "fields": {"user": 8, "about": null, "gender": ""}}, {"model": "authapp.userprofile", "pk": 3, "fields": {"user": 9, "about": null, "gender": ""}}, {"model": "authapp.userprofile", "pk": 4, "fields": {"user": 16, "about": null, "gender": ""}}, {"model": "authapp.userprofile", "pk": 5, "fields": {"user": 10, "about": null, "gender": ""}}, {"model": "authapp.userprofile", "pk": 6, "fields": {"user": 11, "about": null, "gender": ""}}, {"model": "authapp.userprofile", "pk": 7, "fields": {"user": 12, "about": "", "gender": "M"}}, {"model": "authapp.userprofile", "pk": 8, "fields": {"user": 15, "about": "jkldfjlsdkfjl", "gender": "M"}}, {"model": "authapp.userprofile", "pk": 9, "fields": {"user": 13, "about": null, "gender": ""}}, {"model": "authapp.userprofile", "pk": 10, "fields": {"user": 14, "about": null, "gender": ""}}, {"model": "authapp.userprofile", "pk": 11, "fields": {"user": 2, "about": null, "gender": ""}}, {"model": "authapp.userprofile", "pk": 12, "fields": {"user": 3, "about": null, "gender": ""}}, {"model": "authapp.userprofile", "pk": 13, "fields": {"user": 4, "about": null, "gender": ""}}, {"model": "authapp.userprofile", "pk": 14, "fields": {"user": 5, "about": null, "gender": ""}}, {"model": "authapp.userprofile", "pk": 15, "fields": {"user": 6, "about": null, "gender": ""}}, {"model": "authapp.userprofile", "pk": 16, "fields": {"user": 7, "about": null, "gender": ""}}, {"model": "authapp.userprofile", "pk": 17, "fields": {"user": 17, "about": null, "gender": ""}}, {"model": "basketapp.basket", "pk": 6, "fields": {"user": 1, "product": 1, "quantity": 6, "add_datetime": "2017-10-18T12:58:10.438Z"}}, {"model": "basketapp.basket", "pk": 7, "fields": {"user": 1, "product": 16, "quantity": 6, "add_datetime": "2017-10-19T14:17:37.137Z"}}, {"model": "basketapp.basket", "pk": 11, "fields": {"user": 1, "product": 14, "quantity": 1, "add_datetime": "2017-10-21T06:09:05.198Z"}}, {"model": "basketapp.basket", "pk": 12, "fields": {"user": 2, "product": 15, "quantity": 1, "add_datetime": "2017-10-21T09:36:11.312Z"}}, {"model": "basketapp.basket", "pk": 13, "fields": {"user": 1, "product": 13, "quantity": 1, "add_datetime": "2017-12-25T17:07:57.722Z"}}, {"model": "basketapp.basket", "pk": 14, "fields": {"user": 12, "product": 1, "quantity": 3, "add_datetime": "2022-03-19T07:40:40.359Z"}}, {"model": "basketapp.basket", "pk": 15, "fields": {"user": 12, "product": 3, "quantity": 2, "add_datetime": "2022-03-19T07:44:28.388Z"}}, {"model": "basketapp.basket", "pk": 16, "fields": {"user": 14, "product": 2, "quantity": 3, "add_datetime": "2022-03-19T10:18:37.712Z"}}]